{"StructOfNumbers":{"Speedy":{"Receive":138000,"Sent":138000,"Framerate":[27,26,28,28,28,28],"Bandwidth":[25.489887237548829,18.88229751586914,28.78584098815918,28.78584098815918,28.78584098815918,29.06414794921875]},"Packetize":{"Receive":149000,"Sent":149000,"Framerate":[29,29,30,30,30,31],"Bandwidth":[27.875715255737306,17.55638885498047,29.95566177368164,29.95566177368164,29.95566177368164,30.735620498657228]},"SwiftLink":{"Receive":160000,"Sent":160000,"Framerate":[31,31,32,32,32,34],"Bandwidth":[30.589500427246095,20.284271240234376,32.8149299621582,32.8149299621582,32.8149299621582,32.83995056152344]}},"Booleans":{"Speedy":{"Receive":203000,"Sent":203000,"Framerate":[40,40,41,41,41,41],"Bandwidth":[14.040367126464844,8.886187553405762,14.780013084411621,14.780013084411621,14.780013084411621,15.149349212646485]},"Packetize":{"Receive":132000,"Sent":132000,"Framerate":[26,25,27,27,27,28],"Bandwidth":[8.570470809936524,5.543392181396484,9.817498207092286,9.817498207092286,9.817498207092286,9.634073257446289]},"SwiftLink":{"Receive":300000,"Sent":300000,"Framerate":[60,60,60,60,60,60],"Bandwidth":[21.346689224243165,16.637052536010743,21.761747360229493,21.761747360229493,21.761747360229493,21.678062438964845]}}}